tahun;provinsi;kabupaten;kecamatan;kelurahan
2020;PROVINSI JAWA TIMUR;SIDOARJO;TARIK;MLIRIPROWO
2020;PROVINSI JAWA TIMUR;SIDOARJO;TARIK;KEDUNGBOCOK
2020;PROVINSI JAWA TIMUR;SIDOARJO;TARIK;SINGOGALIH
2020;PROVINSI JAWA TIMUR;SIDOARJO;TARIK;TARIK
2020;PROVINSI JAWA TIMUR;SIDOARJO;TARIK;MERGOBENER
2020;PROVINSI JAWA TIMUR;SIDOARJO;TARIK;MERGOSARI
2020;PROVINSI JAWA TIMUR;SIDOARJO;TARIK;KENDALSEWU
2020;PROVINSI JAWA TIMUR;SIDOARJO;TARIK;KLANTINGSARI
2020;PROVINSI JAWA TIMUR;SIDOARJO;TARIK;KALIMATI
2020;PROVINSI JAWA TIMUR;SIDOARJO;TARIK;GEMPOLKLUTUK
2020;PROVINSI JAWA TIMUR;SIDOARJO;TARIK;BANJARWUNGU
2020;PROVINSI JAWA TIMUR;SIDOARJO;TARIK;BALONGMACEKAN
2020;PROVINSI JAWA TIMUR;SIDOARJO;TARIK;GAMPINGROWO
2020;PROVINSI JAWA TIMUR;SIDOARJO;TARIK;SEBANI
2020;PROVINSI JAWA TIMUR;SIDOARJO;TARIK;KRAMATTEMENGGUNG
2020;PROVINSI JAWA TIMUR;SIDOARJO;TARIK;MINDUGADING
2020;PROVINSI JAWA TIMUR;SIDOARJO;TARIK;KEMUNING
2020;PROVINSI JAWA TIMUR;SIDOARJO;TARIK;JANTI
2020;PROVINSI JAWA TIMUR;SIDOARJO;TARIK;SEGODOBANCANG
2020;PROVINSI JAWA TIMUR;SIDOARJO;TARIK;KEDINDING
2020;PROVINSI JAWA TIMUR;SIDOARJO;PRAMBON;PRAMBON
2020;PROVINSI JAWA TIMUR;SIDOARJO;PRAMBON;KAJARTENGGULI
2020;PROVINSI JAWA TIMUR;SIDOARJO;PRAMBON;GEDANGROWO
2020;PROVINSI JAWA TIMUR;SIDOARJO;PRAMBON;WIROBITING
2020;PROVINSI JAWA TIMUR;SIDOARJO;PRAMBON;SIMPANG
2020;PROVINSI JAWA TIMUR;SIDOARJO;PRAMBON;BULANG
2020;PROVINSI JAWA TIMUR;SIDOARJO;PRAMBON;GAMPANG
2020;PROVINSI JAWA TIMUR;SIDOARJO;PRAMBON;JATIKALANG
2020;PROVINSI JAWA TIMUR;SIDOARJO;PRAMBON;JATIALUN-ALUN
2020;PROVINSI JAWA TIMUR;SIDOARJO;PRAMBON;PEJANGKUNGAN
2020;PROVINSI JAWA TIMUR;SIDOARJO;PRAMBON;KEDUNGSUGO
2020;PROVINSI JAWA TIMUR;SIDOARJO;PRAMBON;KEDUNGWONOKERTO
2020;PROVINSI JAWA TIMUR;SIDOARJO;PRAMBON;BENDOTRETEK
2020;PROVINSI JAWA TIMUR;SIDOARJO;PRAMBON;WONOPLINTAHAN
2020;PROVINSI JAWA TIMUR;SIDOARJO;PRAMBON;KEDUNGKEMBAR
2020;PROVINSI JAWA TIMUR;SIDOARJO;PRAMBON;JEDONGCANGKRING
2020;PROVINSI JAWA TIMUR;SIDOARJO;PRAMBON;CANGKRINGTURI
2020;PROVINSI JAWA TIMUR;SIDOARJO;PRAMBON;SIMOGIRANG
2020;PROVINSI JAWA TIMUR;SIDOARJO;PRAMBON;TEMU
2020;PROVINSI JAWA TIMUR;SIDOARJO;PRAMBON;WATUTULIS
2020;PROVINSI JAWA TIMUR;SIDOARJO;KREMBUNG;TAMBAKREJO
2020;PROVINSI JAWA TIMUR;SIDOARJO;KREMBUNG;KEPER
2020;PROVINSI JAWA TIMUR;SIDOARJO;KREMBUNG;KEDUNGSUMUR
2020;PROVINSI JAWA TIMUR;SIDOARJO;KREMBUNG;KEDUNGRAWAN
2020;PROVINSI JAWA TIMUR;SIDOARJO;KREMBUNG;TANJEKWAGIR
2020;PROVINSI JAWA TIMUR;SIDOARJO;KREMBUNG;MOJORUNTUT
2020;PROVINSI JAWA TIMUR;SIDOARJO;KREMBUNG;GADING
2020;PROVINSI JAWA TIMUR;SIDOARJO;KREMBUNG;WANGKAL
2020;PROVINSI JAWA TIMUR;SIDOARJO;KREMBUNG;JENGGOT
2020;PROVINSI JAWA TIMUR;SIDOARJO;KREMBUNG;WAUNG
2020;PROVINSI JAWA TIMUR;SIDOARJO;KREMBUNG;PLOSO
2020;PROVINSI JAWA TIMUR;SIDOARJO;KREMBUNG;REJENI
2020;PROVINSI JAWA TIMUR;SIDOARJO;KREMBUNG;KANDANGAN
2020;PROVINSI JAWA TIMUR;SIDOARJO;KREMBUNG;KREMBUNG
2020;PROVINSI JAWA TIMUR;SIDOARJO;KREMBUNG;LEMUJUT
2020;PROVINSI JAWA TIMUR;SIDOARJO;KREMBUNG;CANGKRING
2020;PROVINSI JAWA TIMUR;SIDOARJO;KREMBUNG;KERET
2020;PROVINSI JAWA TIMUR;SIDOARJO;KREMBUNG;WONOMLATI
2020;PROVINSI JAWA TIMUR;SIDOARJO;KREMBUNG;BALONGGARUT
2020;PROVINSI JAWA TIMUR;SIDOARJO;PORONG;PORONG
2020;PROVINSI JAWA TIMUR;SIDOARJO;PORONG;JUWETKENONGO
2020;PROVINSI JAWA TIMUR;SIDOARJO;PORONG;MINDI
2020;PROVINSI JAWA TIMUR;SIDOARJO;PORONG;GEDANG
2020;PROVINSI JAWA TIMUR;SIDOARJO;PORONG;KEBONAGUNG
2020;PROVINSI JAWA TIMUR;SIDOARJO;PORONG;KEDUNGSOLO
2020;PROVINSI JAWA TIMUR;SIDOARJO;PORONG;KESAMBI
2020;PROVINSI JAWA TIMUR;SIDOARJO;PORONG;KEBAKALAN
2020;PROVINSI JAWA TIMUR;SIDOARJO;PORONG;LAJUK
2020;PROVINSI JAWA TIMUR;SIDOARJO;PORONG;KEDUNGBOTO
2020;PROVINSI JAWA TIMUR;SIDOARJO;PORONG;CANDIPARI
2020;PROVINSI JAWA TIMUR;SIDOARJO;PORONG;PAMOTAN
2020;PROVINSI JAWA TIMUR;SIDOARJO;PORONG;GLAGAHARUM
2020;PROVINSI JAWA TIMUR;SIDOARJO;PORONG;PLUMBON
2020;PROVINSI JAWA TIMUR;SIDOARJO;PORONG;WUNUT
2020;PROVINSI JAWA TIMUR;SIDOARJO;PORONG;PESAWAHAN
2020;PROVINSI JAWA TIMUR;SIDOARJO;JABON;PANGGREH
2020;PROVINSI JAWA TIMUR;SIDOARJO;JABON;TROMPOASRI
2020;PROVINSI JAWA TIMUR;SIDOARJO;JABON;KEDUNGREJO
2020;PROVINSI JAWA TIMUR;SIDOARJO;JABON;SEMAMBUNG
2020;PROVINSI JAWA TIMUR;SIDOARJO;JABON;KEDUNGPANDAN
2020;PROVINSI JAWA TIMUR;SIDOARJO;JABON;KUPANG
2020;PROVINSI JAWA TIMUR;SIDOARJO;JABON;TAMBAKKALISOGO
2020;PROVINSI JAWA TIMUR;SIDOARJO;JABON;BALONGTANI
2020;PROVINSI JAWA TIMUR;SIDOARJO;JABON;JEMIRAHAN
2020;PROVINSI JAWA TIMUR;SIDOARJO;JABON;DUKUHSARI
2020;PROVINSI JAWA TIMUR;SIDOARJO;JABON;KEDUNGCANGKRING
2020;PROVINSI JAWA TIMUR;SIDOARJO;JABON;PEJARAKAN
2020;PROVINSI JAWA TIMUR;SIDOARJO;JABON;BESUKI
2020;PROVINSI JAWA TIMUR;SIDOARJO;JABON;KEBOGUYANG
2020;PROVINSI JAWA TIMUR;SIDOARJO;JABON;PERMISAN
2020;PROVINSI JAWA TIMUR;SIDOARJO;TANGGULANGIN;KALISAMPURNO
2020;PROVINSI JAWA TIMUR;SIDOARJO;TANGGULANGIN;KETAPANG
2020;PROVINSI JAWA TIMUR;SIDOARJO;TANGGULANGIN;KALITENGAH
2020;PROVINSI JAWA TIMUR;SIDOARJO;TANGGULANGIN;GEMPOLSARI
2020;PROVINSI JAWA TIMUR;SIDOARJO;TANGGULANGIN;SENTUL
2020;PROVINSI JAWA TIMUR;SIDOARJO;TANGGULANGIN;PENATARSEWU
2020;PROVINSI JAWA TIMUR;SIDOARJO;TANGGULANGIN;BANJARASRI
2020;PROVINSI JAWA TIMUR;SIDOARJO;TANGGULANGIN;BANJARPANJI
2020;PROVINSI JAWA TIMUR;SIDOARJO;TANGGULANGIN;KEDUNGBANTENG
2020;PROVINSI JAWA TIMUR;SIDOARJO;TANGGULANGIN;KALIDAWIR
2020;PROVINSI JAWA TIMUR;SIDOARJO;TANGGULANGIN;PUTAT
2020;PROVINSI JAWA TIMUR;SIDOARJO;TANGGULANGIN;NGABAN
2020;PROVINSI JAWA TIMUR;SIDOARJO;TANGGULANGIN;KLUDAN
2020;PROVINSI JAWA TIMUR;SIDOARJO;TANGGULANGIN;BORO
2020;PROVINSI JAWA TIMUR;SIDOARJO;TANGGULANGIN;KEDENSARI
2020;PROVINSI JAWA TIMUR;SIDOARJO;TANGGULANGIN;KETEGAN
2020;PROVINSI JAWA TIMUR;SIDOARJO;TANGGULANGIN;GANGGANGPANJANG
2020;PROVINSI JAWA TIMUR;SIDOARJO;TANGGULANGIN;RANDEGAN
2020;PROVINSI JAWA TIMUR;SIDOARJO;CANDI;KARANGTANJUNG
2020;PROVINSI JAWA TIMUR;SIDOARJO;CANDI;SUMORAME
2020;PROVINSI JAWA TIMUR;SIDOARJO;CANDI;NGAMPELSARI
2020;PROVINSI JAWA TIMUR;SIDOARJO;CANDI;BALONGGABUS
2020;PROVINSI JAWA TIMUR;SIDOARJO;CANDI;BALONGDOWO
2020;PROVINSI JAWA TIMUR;SIDOARJO;CANDI;KENDALPECABEAN
2020;PROVINSI JAWA TIMUR;SIDOARJO;CANDI;KEDUNGPELUK
2020;PROVINSI JAWA TIMUR;SIDOARJO;CANDI;KALIPECABEAN
2020;PROVINSI JAWA TIMUR;SIDOARJO;CANDI;KLURAK
2020;PROVINSI JAWA TIMUR;SIDOARJO;CANDI;KEBONSARI
2020;PROVINSI JAWA TIMUR;SIDOARJO;CANDI;GELAM
2020;PROVINSI JAWA TIMUR;SIDOARJO;CANDI;CANDI
2020;PROVINSI JAWA TIMUR;SIDOARJO;CANDI;SUGIHWARAS
2020;PROVINSI JAWA TIMUR;SIDOARJO;CANDI;KEDUNGKENDO
2020;PROVINSI JAWA TIMUR;SIDOARJO;CANDI;DURUNGBANJAR
2020;PROVINSI JAWA TIMUR;SIDOARJO;CANDI;DURUNGBEDUG
2020;PROVINSI JAWA TIMUR;SIDOARJO;CANDI;JAMBANGAN
2020;PROVINSI JAWA TIMUR;SIDOARJO;CANDI;SIDODADI
2020;PROVINSI JAWA TIMUR;SIDOARJO;CANDI;SEPANDE
2020;PROVINSI JAWA TIMUR;SIDOARJO;CANDI;SUMOKALI
2020;PROVINSI JAWA TIMUR;SIDOARJO;CANDI;TENGGULUNAN
2020;PROVINSI JAWA TIMUR;SIDOARJO;CANDI;BLIGO
2020;PROVINSI JAWA TIMUR;SIDOARJO;CANDI;WEDOROKLURAK
2020;PROVINSI JAWA TIMUR;SIDOARJO;CANDI;LARANGAN
2020;PROVINSI JAWA TIMUR;SIDOARJO;TULANGAN;JANTI
2020;PROVINSI JAWA TIMUR;SIDOARJO;TULANGAN;KEBARON
2020;PROVINSI JAWA TIMUR;SIDOARJO;TULANGAN;KENONGO
2020;PROVINSI JAWA TIMUR;SIDOARJO;TULANGAN;GELANG
2020;PROVINSI JAWA TIMUR;SIDOARJO;TULANGAN;JIKEN
2020;PROVINSI JAWA TIMUR;SIDOARJO;TULANGAN;PANGKEMIRI
2020;PROVINSI JAWA TIMUR;SIDOARJO;TULANGAN;KEPATIHAN
2020;PROVINSI JAWA TIMUR;SIDOARJO;TULANGAN;TULANGAN
2020;PROVINSI JAWA TIMUR;SIDOARJO;TULANGAN;KEPADANGAN
2020;PROVINSI JAWA TIMUR;SIDOARJO;TULANGAN;TLASIH
2020;PROVINSI JAWA TIMUR;SIDOARJO;TULANGAN;KAJEKSAN
2020;PROVINSI JAWA TIMUR;SIDOARJO;TULANGAN;SINGOPADU
2020;PROVINSI JAWA TIMUR;SIDOARJO;TULANGAN;KEMANTREN
2020;PROVINSI JAWA TIMUR;SIDOARJO;TULANGAN;KEPUNTEN
2020;PROVINSI JAWA TIMUR;SIDOARJO;TULANGAN;KEPUHKEMIRI
2020;PROVINSI JAWA TIMUR;SIDOARJO;TULANGAN;GRINTING
2020;PROVINSI JAWA TIMUR;SIDOARJO;TULANGAN;MODONG
2020;PROVINSI JAWA TIMUR;SIDOARJO;TULANGAN;GROGOL
2020;PROVINSI JAWA TIMUR;SIDOARJO;TULANGAN;MEDALEM
2020;PROVINSI JAWA TIMUR;SIDOARJO;TULANGAN;SUDIMORO
2020;PROVINSI JAWA TIMUR;SIDOARJO;TULANGAN;KEDONDONG
2020;PROVINSI JAWA TIMUR;SIDOARJO;TULANGAN;GRABAGAN
2020;PROVINSI JAWA TIMUR;SIDOARJO;WONOAYU;TANGGUL
2020;PROVINSI JAWA TIMUR;SIDOARJO;WONOAYU;SIMOKETAWANG
2020;PROVINSI JAWA TIMUR;SIDOARJO;WONOAYU;POPOH
2020;PROVINSI JAWA TIMUR;SIDOARJO;WONOAYU;JIMBARANKULON
2020;PROVINSI JAWA TIMUR;SIDOARJO;WONOAYU;JIMBARANWETAN
2020;PROVINSI JAWA TIMUR;SIDOARJO;WONOAYU;KETIMANG
2020;PROVINSI JAWA TIMUR;SIDOARJO;WONOAYU;PILANG
2020;PROVINSI JAWA TIMUR;SIDOARJO;WONOAYU;SUMBERREJO
2020;PROVINSI JAWA TIMUR;SIDOARJO;WONOAYU;MOJORANGAGUNG
2020;PROVINSI JAWA TIMUR;SIDOARJO;WONOAYU;WONOKASIAN
2020;PROVINSI JAWA TIMUR;SIDOARJO;WONOAYU;PLOSO
2020;PROVINSI JAWA TIMUR;SIDOARJO;WONOAYU;MULYODADI
2020;PROVINSI JAWA TIMUR;SIDOARJO;WONOAYU;WONOAYU
2020;PROVINSI JAWA TIMUR;SIDOARJO;WONOAYU;SEMAMBUNG
2020;PROVINSI JAWA TIMUR;SIDOARJO;WONOAYU;SIMOANGIN-ANGIN
2020;PROVINSI JAWA TIMUR;SIDOARJO;WONOAYU;WONOKALANG
2020;PROVINSI JAWA TIMUR;SIDOARJO;WONOAYU;PAGERNGUMBUK
2020;PROVINSI JAWA TIMUR;SIDOARJO;WONOAYU;PLAOSAN
2020;PROVINSI JAWA TIMUR;SIDOARJO;WONOAYU;LAMBANGAN
2020;PROVINSI JAWA TIMUR;SIDOARJO;WONOAYU;SAWOCANGKRING
2020;PROVINSI JAWA TIMUR;SIDOARJO;WONOAYU;BECIRONGENGOR
2020;PROVINSI JAWA TIMUR;SIDOARJO;WONOAYU;KARANGPURI
2020;PROVINSI JAWA TIMUR;SIDOARJO;WONOAYU;CANDINEGORO
2020;PROVINSI JAWA TIMUR;SIDOARJO;SUKODONO;WILAYUT
2020;PROVINSI JAWA TIMUR;SIDOARJO;SUKODONO;KEBONAGUNG
2020;PROVINSI JAWA TIMUR;SIDOARJO;SUKODONO;ANGGASWANGI
2020;PROVINSI JAWA TIMUR;SIDOARJO;SUKODONO;JUMPUTREJO
2020;PROVINSI JAWA TIMUR;SIDOARJO;SUKODONO;SURUH
2020;PROVINSI JAWA TIMUR;SIDOARJO;SUKODONO;PEKARUNGAN
2020;PROVINSI JAWA TIMUR;SIDOARJO;SUKODONO;PADEMONEGORO
2020;PROVINSI JAWA TIMUR;SIDOARJO;SUKODONO;CANGKRINGSARI
2020;PROVINSI JAWA TIMUR;SIDOARJO;SUKODONO;JOGOSATRU
2020;PROVINSI JAWA TIMUR;SIDOARJO;SUKODONO;NGARESREJO
2020;PROVINSI JAWA TIMUR;SIDOARJO;SUKODONO;SAMBUNGREJO
2020;PROVINSI JAWA TIMUR;SIDOARJO;SUKODONO;PLUMBUNGAN
2020;PROVINSI JAWA TIMUR;SIDOARJO;SUKODONO;SUKODONO
2020;PROVINSI JAWA TIMUR;SIDOARJO;SUKODONO;KLOPOSEPULUH
2020;PROVINSI JAWA TIMUR;SIDOARJO;SUKODONO;MASANGANWETAN
2020;PROVINSI JAWA TIMUR;SIDOARJO;SUKODONO;SUKO
2020;PROVINSI JAWA TIMUR;SIDOARJO;SUKODONO;MASANGANKULON
2020;PROVINSI JAWA TIMUR;SIDOARJO;SUKODONO;PANJUNAN
2020;PROVINSI JAWA TIMUR;SIDOARJO;SUKODONO;BANGSRI
2020;PROVINSI JAWA TIMUR;SIDOARJO;SIDOARJO;SIDOKARE
2020;PROVINSI JAWA TIMUR;SIDOARJO;SIDOARJO;CELEP
2020;PROVINSI JAWA TIMUR;SIDOARJO;SIDOARJO;SEKARDANGAN
2020;PROVINSI JAWA TIMUR;SIDOARJO;SIDOARJO;GEBANG
2020;PROVINSI JAWA TIMUR;SIDOARJO;SIDOARJO;BULUSIDOKARE
2020;PROVINSI JAWA TIMUR;SIDOARJO;SIDOARJO;PUCANGANOM
2020;PROVINSI JAWA TIMUR;SIDOARJO;SIDOARJO;PEKAUMAN
2020;PROVINSI JAWA TIMUR;SIDOARJO;SIDOARJO;LEMAHPUTRO
2020;PROVINSI JAWA TIMUR;SIDOARJO;SIDOARJO;SIDOKUMPUL
2020;PROVINSI JAWA TIMUR;SIDOARJO;SIDOARJO;SIDOKLUMPUK
2020;PROVINSI JAWA TIMUR;SIDOARJO;SIDOARJO;PUCANG
2020;PROVINSI JAWA TIMUR;SIDOARJO;SIDOARJO;MAGERSARI
2020;PROVINSI JAWA TIMUR;SIDOARJO;SIDOARJO;CEMENG KALANG
2020;PROVINSI JAWA TIMUR;SIDOARJO;SIDOARJO;URANGAGUNG
2020;PROVINSI JAWA TIMUR;SIDOARJO;SIDOARJO;LEBO
2020;PROVINSI JAWA TIMUR;SIDOARJO;SIDOARJO;SUKO
2020;PROVINSI JAWA TIMUR;SIDOARJO;SIDOARJO;BANJARBENDO
2020;PROVINSI JAWA TIMUR;SIDOARJO;SIDOARJO;RANGKAHKIDUL
2020;PROVINSI JAWA TIMUR;SIDOARJO;SIDOARJO;BLURU KIDUL
2020;PROVINSI JAWA TIMUR;SIDOARJO;SIDOARJO;KEMIRI
2020;PROVINSI JAWA TIMUR;SIDOARJO;SIDOARJO;JATI
2020;PROVINSI JAWA TIMUR;SIDOARJO;SIDOARJO;CEMENG BAKALAN
2020;PROVINSI JAWA TIMUR;SIDOARJO;SIDOARJO;SARIROGO
2020;PROVINSI JAWA TIMUR;SIDOARJO;SIDOARJO;SUMPUT
2020;PROVINSI JAWA TIMUR;SIDOARJO;BUDURAN;ENTALSEWU
2020;PROVINSI JAWA TIMUR;SIDOARJO;BUDURAN;PAGERWOJO
2020;PROVINSI JAWA TIMUR;SIDOARJO;BUDURAN;SIDOKERTO
2020;PROVINSI JAWA TIMUR;SIDOARJO;BUDURAN;BUDURAN
2020;PROVINSI JAWA TIMUR;SIDOARJO;BUDURAN;SIWALANPANJI
2020;PROVINSI JAWA TIMUR;SIDOARJO;BUDURAN;SIDOMULYO
2020;PROVINSI JAWA TIMUR;SIDOARJO;BUDURAN;PRASUNG
2020;PROVINSI JAWA TIMUR;SIDOARJO;BUDURAN;SAWOHAN
2020;PROVINSI JAWA TIMUR;SIDOARJO;BUDURAN;DAMARSI
2020;PROVINSI JAWA TIMUR;SIDOARJO;BUDURAN;DUKUHTENGAH
2020;PROVINSI JAWA TIMUR;SIDOARJO;BUDURAN;BANJARSARI
2020;PROVINSI JAWA TIMUR;SIDOARJO;BUDURAN;WADUNGASIH
2020;PROVINSI JAWA TIMUR;SIDOARJO;BUDURAN;BANJARKEMANTREN
2020;PROVINSI JAWA TIMUR;SIDOARJO;BUDURAN;SUKOREJO
2020;PROVINSI JAWA TIMUR;SIDOARJO;BUDURAN;SIDOKEPUNG
2020;PROVINSI JAWA TIMUR;SIDOARJO;SEDATI;KWANGSAN
2020;PROVINSI JAWA TIMUR;SIDOARJO;SEDATI;PEPE
2020;PROVINSI JAWA TIMUR;SIDOARJO;SEDATI;BUNCITAN
2020;PROVINSI JAWA TIMUR;SIDOARJO;SEDATI;KALANGANYAR
2020;PROVINSI JAWA TIMUR;SIDOARJO;SEDATI;TAMBAKCEMANDI
2020;PROVINSI JAWA TIMUR;SIDOARJO;SEDATI;GISIKCEMANDI
2020;PROVINSI JAWA TIMUR;SIDOARJO;SEDATI;CEMANDI
2020;PROVINSI JAWA TIMUR;SIDOARJO;SEDATI;PULUNGAN
2020;PROVINSI JAWA TIMUR;SIDOARJO;SEDATI;BETRO
2020;PROVINSI JAWA TIMUR;SIDOARJO;SEDATI;SEDATIAGUNG
2020;PROVINSI JAWA TIMUR;SIDOARJO;SEDATI;SEDATIGEDE
2020;PROVINSI JAWA TIMUR;SIDOARJO;SEDATI;PABEAN
2020;PROVINSI JAWA TIMUR;SIDOARJO;SEDATI;SEMAMPIR
2020;PROVINSI JAWA TIMUR;SIDOARJO;SEDATI;PRANTI
2020;PROVINSI JAWA TIMUR;SIDOARJO;SEDATI;SEGOROTAMBAK
2020;PROVINSI JAWA TIMUR;SIDOARJO;SEDATI;BANJARKEMUNING
2020;PROVINSI JAWA TIMUR;SIDOARJO;WARU;PEPELEGI
2020;PROVINSI JAWA TIMUR;SIDOARJO;WARU;WARU
2020;PROVINSI JAWA TIMUR;SIDOARJO;WARU;KUREKSARI
2020;PROVINSI JAWA TIMUR;SIDOARJO;WARU;NGINGAS
2020;PROVINSI JAWA TIMUR;SIDOARJO;WARU;TROPODO
2020;PROVINSI JAWA TIMUR;SIDOARJO;WARU;TAMBAKSAWAH
2020;PROVINSI JAWA TIMUR;SIDOARJO;WARU;TAMBAKREJO
2020;PROVINSI JAWA TIMUR;SIDOARJO;WARU;TAMBAKOSO
2020;PROVINSI JAWA TIMUR;SIDOARJO;WARU;TAMBAKSUMUR
2020;PROVINSI JAWA TIMUR;SIDOARJO;WARU;WADUNGASRI
2020;PROVINSI JAWA TIMUR;SIDOARJO;WARU;KEPUHKIRIMAN
2020;PROVINSI JAWA TIMUR;SIDOARJO;WARU;BERBEK
2020;PROVINSI JAWA TIMUR;SIDOARJO;WARU;WEDORO
2020;PROVINSI JAWA TIMUR;SIDOARJO;WARU;JANTI
2020;PROVINSI JAWA TIMUR;SIDOARJO;WARU;KEDUNGREJO
2020;PROVINSI JAWA TIMUR;SIDOARJO;WARU;MEDAENG
2020;PROVINSI JAWA TIMUR;SIDOARJO;WARU;BUNGURASIH
2020;PROVINSI JAWA TIMUR;SIDOARJO;GEDANGAN;GANTING
2020;PROVINSI JAWA TIMUR;SIDOARJO;GEDANGAN;KARANGBONG
2020;PROVINSI JAWA TIMUR;SIDOARJO;GEDANGAN;TEBEL
2020;PROVINSI JAWA TIMUR;SIDOARJO;GEDANGAN;KRAGAN
2020;PROVINSI JAWA TIMUR;SIDOARJO;GEDANGAN;GEMURUNG
2020;PROVINSI JAWA TIMUR;SIDOARJO;GEDANGAN;PUNGGUL
2020;PROVINSI JAWA TIMUR;SIDOARJO;GEDANGAN;WEDI
2020;PROVINSI JAWA TIMUR;SIDOARJO;GEDANGAN;KETAJEN
2020;PROVINSI JAWA TIMUR;SIDOARJO;GEDANGAN;GEDANGAN
2020;PROVINSI JAWA TIMUR;SIDOARJO;GEDANGAN;SRUNI
2020;PROVINSI JAWA TIMUR;SIDOARJO;GEDANGAN;KEBOANSIKEP
2020;PROVINSI JAWA TIMUR;SIDOARJO;GEDANGAN;KEBOANANOM
2020;PROVINSI JAWA TIMUR;SIDOARJO;GEDANGAN;BANGAH
2020;PROVINSI JAWA TIMUR;SIDOARJO;GEDANGAN;SAWOTRATAP
2020;PROVINSI JAWA TIMUR;SIDOARJO;GEDANGAN;SEMAMBUNG
2020;PROVINSI JAWA TIMUR;SIDOARJO;TAMAN;TAMAN
2020;PROVINSI JAWA TIMUR;SIDOARJO;TAMAN;GELURAN
2020;PROVINSI JAWA TIMUR;SIDOARJO;TAMAN;KALIJATEN
2020;PROVINSI JAWA TIMUR;SIDOARJO;TAMAN;KETEGAN
2020;PROVINSI JAWA TIMUR;SIDOARJO;TAMAN;SEPANJANG
2020;PROVINSI JAWA TIMUR;SIDOARJO;TAMAN;BEBEKAN
2020;PROVINSI JAWA TIMUR;SIDOARJO;TAMAN;WONOCOLO
2020;PROVINSI JAWA TIMUR;SIDOARJO;TAMAN;NGELOM
2020;PROVINSI JAWA TIMUR;SIDOARJO;TAMAN;BOHAR
2020;PROVINSI JAWA TIMUR;SIDOARJO;TAMAN;WAGE
2020;PROVINSI JAWA TIMUR;SIDOARJO;TAMAN;KEDUNGTURI
2020;PROVINSI JAWA TIMUR;SIDOARJO;TAMAN;JEMUNDO
2020;PROVINSI JAWA TIMUR;SIDOARJO;TAMAN;SADANG
2020;PROVINSI JAWA TIMUR;SIDOARJO;TAMAN;SAMBIBULU
2020;PROVINSI JAWA TIMUR;SIDOARJO;TAMAN;BRINGINBENDO
2020;PROVINSI JAWA TIMUR;SIDOARJO;TAMAN;SIDODADI
2020;PROVINSI JAWA TIMUR;SIDOARJO;TAMAN;KRAMATJEGU
2020;PROVINSI JAWA TIMUR;SIDOARJO;TAMAN;TROSOBO
2020;PROVINSI JAWA TIMUR;SIDOARJO;TAMAN;PERTAPANMADURETNO
2020;PROVINSI JAWA TIMUR;SIDOARJO;TAMAN;TAWANGSARI
2020;PROVINSI JAWA TIMUR;SIDOARJO;TAMAN;GILANG
2020;PROVINSI JAWA TIMUR;SIDOARJO;TAMAN;KLETEK
2020;PROVINSI JAWA TIMUR;SIDOARJO;TAMAN;TANJUNGSARI
2020;PROVINSI JAWA TIMUR;SIDOARJO;TAMAN;KREMBANGAN
2020;PROVINSI JAWA TIMUR;SIDOARJO;KRIAN;KEMASAN
2020;PROVINSI JAWA TIMUR;SIDOARJO;KRIAN;TAMBAK KEMERAKAN
2020;PROVINSI JAWA TIMUR;SIDOARJO;KRIAN;KRIAN
2020;PROVINSI JAWA TIMUR;SIDOARJO;KRIAN;TROPODO
2020;PROVINSI JAWA TIMUR;SIDOARJO;KRIAN;SEDENGANMIJEN
2020;PROVINSI JAWA TIMUR;SIDOARJO;KRIAN;KATERUNGAN
2020;PROVINSI JAWA TIMUR;SIDOARJO;KRIAN;JERUKGAMPING
2020;PROVINSI JAWA TIMUR;SIDOARJO;KRIAN;GAMPING
2020;PROVINSI JAWA TIMUR;SIDOARJO;KRIAN;TERIK
2020;PROVINSI JAWA TIMUR;SIDOARJO;KRIAN;JUNWANGI
2020;PROVINSI JAWA TIMUR;SIDOARJO;KRIAN;TERUNGKULON
2020;PROVINSI JAWA TIMUR;SIDOARJO;KRIAN;TERUNGWETAN
2020;PROVINSI JAWA TIMUR;SIDOARJO;KRIAN;JATIKALANG
2020;PROVINSI JAWA TIMUR;SIDOARJO;KRIAN;KEBOHARAN
2020;PROVINSI JAWA TIMUR;SIDOARJO;KRIAN;PONOKAWAN
2020;PROVINSI JAWA TIMUR;SIDOARJO;KRIAN;SIDOMOJO
2020;PROVINSI JAWA TIMUR;SIDOARJO;KRIAN;KRATON
2020;PROVINSI JAWA TIMUR;SIDOARJO;KRIAN;SIDOMULYO
2020;PROVINSI JAWA TIMUR;SIDOARJO;KRIAN;TEMPEL
2020;PROVINSI JAWA TIMUR;SIDOARJO;KRIAN;WATUGOLONG
2020;PROVINSI JAWA TIMUR;SIDOARJO;KRIAN;BARENGKRAJAN
2020;PROVINSI JAWA TIMUR;SIDOARJO;KRIAN;SIDOREJO
2020;PROVINSI JAWA TIMUR;SIDOARJO;BALONGBENDO;WONOKUPANG
2020;PROVINSI JAWA TIMUR;SIDOARJO;BALONGBENDO;SUMOKEMBANGSRI
2020;PROVINSI JAWA TIMUR;SIDOARJO;BALONGBENDO;SINGKALAN
2020;PROVINSI JAWA TIMUR;SIDOARJO;BALONGBENDO;BAKUNGPRINGGONDANI
2020;PROVINSI JAWA TIMUR;SIDOARJO;BALONGBENDO;WONOKARANG
2020;PROVINSI JAWA TIMUR;SIDOARJO;BALONGBENDO;SEDURI
2020;PROVINSI JAWA TIMUR;SIDOARJO;BALONGBENDO;BAKALANWRINGINPITU
2020;PROVINSI JAWA TIMUR;SIDOARJO;BALONGBENDO;GAGANGKEPUHSARI
2020;PROVINSI JAWA TIMUR;SIDOARJO;BALONGBENDO;SUWALUH
2020;PROVINSI JAWA TIMUR;SIDOARJO;BALONGBENDO;WATESARI
2020;PROVINSI JAWA TIMUR;SIDOARJO;BALONGBENDO;SEKETI
2020;PROVINSI JAWA TIMUR;SIDOARJO;BALONGBENDO;KEMANGSEN
2020;PROVINSI JAWA TIMUR;SIDOARJO;BALONGBENDO;JABARAN
2020;PROVINSI JAWA TIMUR;SIDOARJO;BALONGBENDO;BALONGBENDO
2020;PROVINSI JAWA TIMUR;SIDOARJO;BALONGBENDO;JERUKLEGI
2020;PROVINSI JAWA TIMUR;SIDOARJO;BALONGBENDO;PENAMBANGAN
2020;PROVINSI JAWA TIMUR;SIDOARJO;BALONGBENDO;WARUBERON
2020;PROVINSI JAWA TIMUR;SIDOARJO;BALONGBENDO;BOGEMPINGGIR
2020;PROVINSI JAWA TIMUR;SIDOARJO;BALONGBENDO;KEDUNGSUKODANI
2020;PROVINSI JAWA TIMUR;SIDOARJO;BALONGBENDO;BAKUNGTEMENGGUNGAN
